Customer Feedback,SEO Score,Budget,Monthly visits in M,Customer Affinity,Accomodations,Employee Rating,Customer Retention,recommendation rate
12,42,100,766,75,1507,2,4,45.818999999999996
36,80,158,119,70,3871,2,5,77.84800000000001
12,4,187,622,18,3127,4,2,72.09799999999998
25,23,102,62,10,2858,3,2,55.305
26,89,99,332,65,2967,2,1,64.38800000000002
18,41,50,892,40,2294,5,1,60.797
33,26,56,146,13,1270,4,2,27.644
10,26,33,962,18,2242,5,3,60.327
47,4,127,240,60,3742,1,1,75.51599999999999
37,43,88,208,46,349,1,1,13.565999999999999
60,47,137,318,24,3718,3,3,77.109
3,59,1,274,10,1512,2,2,33.842999999999996
20,92,123,302,76,1105,2,1,30.956999999999994
15,8,57,677,44,2126,4,5,53.47299999999999
55,51,138,326,17,3781,1,2,78.24399999999999
30,10,19,303,85,2775,2,4,58.035999999999994
16,1,65,551,61,2535,5,4,58.722
51,98,15,995,89,2844,5,3,74.092
8,2,38,149,84,2155,3,1,43.926
54,18,56,635,17,2918,2,4,66.64399999999999
58,74,64,556,53,501,4,4,23.464999999999996
14,25,49,975,18,2185,1,3,59.726
20,15,109,573,62,3776,3,2,82.389
22,2,162,958,56,1891,5,3,56.504999999999995
52,34,19,909,74,1075,1,4,39.235
21,52,48,320,16,1590,1,1,36.916
3,35,20,1000,93,3185,4,4,79.234
10,1,11,248,54,1204,3,4,27.845999999999997
24,48,42,37,76,2462,2,5,48.32999999999999
21,32,9,754,45,3442,2,5,78.17500000000001
25,1,99,877,14,2358,5,5,61.625
32,35,169,23,45,2527,4,4,50.779999999999994
10,73,54,572,96,2395,3,2,58.114000000000004
41,67,45,630,40,2674,4,1,63.07999999999999
39,14,14,841,2,706,1,4,29.587999999999994
46,91,11,134,26,3518,4,5,68.665
57,89,118,838,68,3906,5,4,91.63299999999998
18,43,85,613,28,1821,4,4,47.583
31,6,104,445,5,1404,5,5,36.29
56,20,26,432,4,1523,2,1,36.793
15,93,199,903,85,2834,5,4,75.26499999999999
40,100,51,463,46,3370,5,5,73.482
42,56,130,856,55,2446,1,5,65.002
33,100,143,324,76,1571,3,5,40.552
5,18,91,114,33,3660,3,2,70.77199999999999
39,61,78,28,72,3772,2,5,72.59800000000001
41,6,159,524,1,2803,2,5,63.846999999999994
53,68,156,140,73,1322,5,2,32.128
57,45,152,846,93,2472,5,5,66.273
44,14,25,471,87,3583,4,3,76.025
1,70,100,987,98,3655,4,5,89.651
7,88,34,543,93,1801,5,1,46.718
42,100,83,891,77,332,3,4,27.931999999999995
16,14,112,968,86,3309,5,5,82.137
43,26,39,727,52,3690,1,1,82.497
39,44,69,849,4,58,1,1,19.475
52,90,91,797,84,2123,2,3,58.416
27,53,35,115,24,2808,3,4,55.1
1,71,87,639,42,3746,2,4,83.402
44,33,79,472,75,363,4,5,19.304
16,95,110,46,49,2972,1,1,59.022
13,41,111,192,32,202,3,5,10.956
55,27,115,229,4,931,3,2,24.086
2,46,186,709,92,241,3,4,23.852999999999998
4,24,1,482,69,3244,2,2,69.34700000000001
5,62,96,852,76,173,3,3,23.695999999999998
24,69,43,924,86,2521,3,5,66.83700000000002
28,71,64,722,7,2157,3,4,55.475
17,42,43,964,37,41,2,4,21.535999999999998
47,97,37,734,10,2619,5,4,64.161
11,10,188,920,10,2965,4,5,74.99600000000001
45,79,159,44,100,242,2,5,11.638
7,85,161,562,10,2383,2,3,58.407999999999994
31,32,187,891,33,3740,2,2,89.007
20,41,67,452,68,70,1,2,13.143999999999998
30,91,183,356,100,469,2,4,22.2
49,57,167,413,41,2962,1,5,66.33999999999999
33,21,78,999,9,3447,2,1,83.168
15,76,135,572,51,2992,5,5,69.839
27,83,51,488,57,570,3,4,23.291999999999998
34,84,51,289,5,3439,2,5,70.337
27,45,125,738,35,645,2,5,29.694999999999997
47,64,174,140,37,2595,3,4,54.721999999999994
26,63,123,871,72,3748,5,1,88.848
11,75,50,407,30,2023,4,4,47.26399999999999
52,24,66,182,42,2484,4,1,50.818999999999996
60,8,191,77,55,1082,5,5,26.040999999999997
55,34,103,709,79,830,2,2,32.547
28,80,40,710,90,213,2,4,21.369999999999997
10,49,170,533,13,939,2,1,31.328999999999994
14,64,22,669,79,1624,2,4,45.147999999999996
42,21,173,397,100,3027,2,4,67.619
11,33,186,906,49,309,1,3,27.774999999999995
38,65,159,698,70,1056,1,3,37.797000000000004
58,28,22,77,71,753,3,4,17.595999999999997
25,19,184,582,88,1442,4,1,42.397999999999996
4,93,38,394,33,106,4,1,12.483999999999998
29,68,15,674,83,1392,1,2,40.99
6,65,61,514,51,2155,1,5,52.010000000000005
17,58,175,317,71,3362,5,5,72.396
31,18,8,151,65,1420,3,2,30.282999999999998
18,20,148,281,70,3773,5,1,77.706
60,16,128,970,98,1624,4,2,52.31399999999999
47,76,197,257,16,3621,4,5,75.767
54,98,49,265,77,1317,5,1,33.043000000000006
28,82,80,961,60,2131,4,3,60.906
30,68,146,65,64,2015,1,4,42.781
51,4,32,558,31,2846,1,5,63.458999999999996
52,99,176,951,15,1099,2,2,43.373999999999995
29,31,178,766,42,2279,4,5,60.517999999999994
41,95,121,72,5,3980,3,2,77.292
50,61,164,503,91,3071,4,3,70.851
3,51,177,268,4,1867,5,2,43.11899999999999
20,33,76,465,92,3421,2,3,74.21600000000001
22,79,118,819,60,2326,2,2,62.22299999999999
45,15,11,626,49,950,3,5,30.782999999999998
4,58,13,363,88,3847,5,5,79.334
24,22,184,811,67,1339,4,4,44.75399999999999
60,18,5,47,96,2151,4,2,42.050999999999995
10,21,198,146,79,317,4,3,14.063999999999998
12,100,138,742,77,1177,1,1,40.994
52,29,102,850,31,3504,3,5,82.616
7,78,157,248,56,3246,2,1,68.45
22,74,61,9,47,3491,3,1,66.437
29,97,157,700,40,3173,3,4,76.05099999999999
10,54,88,672,24,1004,5,4,34.184
1,38,79,332,59,3288,3,1,68.73700000000001
28,1,186,443,27,3430,5,5,74.47099999999999
53,75,17,743,21,1876,5,3,50.352000000000004
31,15,133,40,68,3918,4,1,75.35600000000001
2,58,89,760,2,3366,2,5,78.04100000000001
18,47,65,706,14,594,4,1,26.572999999999997
36,50,143,397,16,1052,3,4,30.630999999999997
44,70,153,799,74,1647,3,3,50.474
45,99,156,138,28,1606,1,5,37.032
46,90,26,60,58,928,2,4,21.327999999999996
55,77,147,852,19,38,5,4,21.741999999999997
48,51,59,895,8,236,5,5,23.917999999999996
30,26,57,142,84,3133,1,2,62.24
59,42,94,99,70,425,4,3,13.614999999999998
28,86,88,226,5,1628,3,3,37.142
21,27,21,715,18,700,4,4,27.741999999999997
1,27,191,602,25,2257,2,4,56.687999999999995
53,10,122,526,100,2955,4,3,67.688
59,9,105,41,47,2544,5,5,50.004
39,69,127,360,40,865,2,1,26.842
17,22,188,839,51,1158,4,2,41.696999999999996
21,82,171,728,39,1188,5,3,40.791
45,30,107,683,11,2926,2,5,68.76
37,46,132,881,52,1661,3,2,51.024
41,13,179,887,38,163,2,4,24.284
37,6,114,906,31,1215,3,4,42.18
53,16,31,470,1,2696,1,1,58.561
47,47,125,385,66,2941,4,5,64.991
24,84,34,955,92,124,5,2,24.377
36,28,60,401,20,1396,1,5,35.08
42,93,71,852,78,2658,4,1,68.595
17,84,191,563,33,2152,3,3,55.238
13,53,192,653,86,3087,2,5,74.21100000000001
50,40,84,773,100,778,4,4,33.096999999999994
26,74,67,812,95,1459,5,2,46.160999999999994
42,46,198,349,43,297,2,3,17.442999999999998
1,61,120,714,12,828,1,3,32.126
2,33,46,114,51,2008,3,1,40.738
36,56,179,95,9,3469,2,2,68.9
27,8,68,808,19,2452,3,5,61.613
3,51,77,274,73,1592,2,2,37.577999999999996
52,74,188,449,35,3138,4,3,70.751
34,56,103,644,25,989,5,2,33.667
13,38,198,928,90,1007,4,1,41.733999999999995
49,5,155,742,38,3015,3,2,72.229
18,62,93,161,82,3982,5,3,79.26799999999999
37,71,46,102,39,2851,3,3,56.379
2,79,138,191,41,2285,3,2,49.556
19,68,21,25,65,1220,3,5,25.551999999999996
59,52,88,369,33,2804,4,5,61.11999999999999
28,86,47,244,55,3686,1,2,74.53299999999999
13,20,158,145,33,2969,3,2,60.18899999999999
30,5,57,303,58,2732,2,5,57.45199999999999
38,76,119,149,85,1531,5,4,35.808
56,73,170,331,85,1670,5,2,42.576
13,72,46,669,43,1388,4,1,40.748
24,93,39,273,91,2865,4,3,61.020999999999994
23,60,131,705,13,182,3,5,20.752
46,51,130,659,56,3871,4,5,86.926
12,89,191,227,56,1878,5,1,44.33
11,82,176,84,33,2268,1,2,47.794000000000004
58,56,21,52,72,2307,3,4,45.596
25,75,188,599,38,610,5,5,28.220999999999993
42,98,132,858,50,1951,1,5,56.836999999999996
10,72,90,341,44,2849,1,2,61.591
27,24,115,54,76,3114,1,5,61.25399999999999
1,95,181,437,46,1446,2,4,40.355999999999995
21,100,66,678,1,933,5,5,33.149
55,74,55,472,12,3612,1,3,76.866
16,39,91,54,25,1722,1,2,34.971000000000004
33,26,193,135,85,883,5,2,24.185
31,67,34,580,98,981,4,4,32.57899999999999
43,67,57,828,85,1655,1,5,49.629000000000005
39,46,102,444,75,3098,1,1,68.337
42,92,32,271,100,3960,1,2,80.62299999999999
1,20,55,682,13,2865,5,3,66.39699999999999
22,91,9,808,19,3709,5,3,84.598
50,6,176,826,91,3162,5,4,77.93299999999999
22,44,42,985,82,2517,3,5,67.382
12,89,171,248,20,1464,5,2,36.36
4,92,70,226,9,3456,3,1,69.71600000000001
55,96,32,966,5,2918,5,4,73.78199999999998
30,16,135,137,52,2697,2,3,55.058
48,59,177,496,67,3199,1,3,72.728
49,99,178,379,7,3160,5,2,69.573
17,46,84,470,54,2145,5,1,51.034
9,47,76,419,44,1571,2,1,39.334999999999994
53,10,51,449,98,2831,5,5,62.817
50,69,96,720,33,3708,5,5,84.51
29,36,98,479,49,3438,1,1,74.398
35,34,139,706,79,494,1,2,27.003999999999998
32,88,151,106,98,1229,2,5,30.526999999999997
58,29,158,326,69,2262,3,4,51.92099999999999
60,8,1,548,4,812,3,2,25.625999999999998
4,20,175,800,47,509,1,1,28.763999999999996
57,58,176,952,24,1684,2,2,53.353
49,2,196,262,26,1710,1,4,40.157000000000004
38,42,142,647,6,3626,2,5,81.41600000000001
40,38,99,161,87,3510,3,5,70.657
46,59,178,333,89,1832,2,2,45.382
32,30,34,908,42,3421,3,1,80.92500000000001
41,92,84,376,78,2267,3,2,52.754999999999995
12,20,100,862,73,3820,2,1,88.682
54,38,38,348,39,1486,4,2,35.766999999999996
2,32,95,297,54,693,4,1,21.485999999999997
17,50,54,548,52,1255,1,4,36.055
57,17,79,575,16,3334,2,2,73.27
3,79,35,477,85,2683,3,1,60.996
9,79,133,594,54,2061,2,1,53.251999999999995
37,52,2,59,78,1818,5,1,36.439
5,94,110,568,90,195,2,4,19.790999999999997
31,82,60,118,44,1602,4,4,34.799
44,74,164,606,54,3040,3,3,71.811
55,57,118,126,54,2491,4,4,51.788999999999994
19,29,180,104,87,2222,5,1,47.455
24,7,5,304,80,2552,3,2,53.548
2,42,172,627,75,1922,1,1,51.723
11,91,69,631,90,2893,1,3,68.697
48,99,155,260,21,3635,4,2,75.65699999999998
33,35,51,198,87,907,5,2,23.453999999999997
49,65,98,383,56,73,2,5,12.951
25,3,23,646,65,135,2,4,16.623999999999995
51,89,163,18,33,2450,4,1,49.85099999999999
33,19,113,444,69,1115,5,4,32.504
25,11,165,223,62,2326,2,1,50.50899999999999
51,67,76,239,34,534,3,5,17.810999999999996
38,52,181,924,60,1109,1,3,43.037000000000006
46,78,101,668,83,283,5,5,22.962
42,92,195,494,59,2055,4,2,52.88499999999999
9,19,104,138,64,4000,3,5,78.304
34,56,154,22,66,480,4,4,14.385999999999997
57,86,1,523,33,687,5,5,25.005999999999997
55,23,177,198,36,1514,5,5,35.796
60,100,135,692,30,2770,5,4,68.27799999999999
4,50,144,701,51,2713,2,1,66.63100000000001
32,43,167,540,50,3690,4,1,81.56500000000001
34,66,160,972,21,3366,3,2,83.771
58,51,17,336,86,2665,5,2,57.454
24,88,166,843,38,400,1,2,28.643
11,37,13,101,34,3345,4,4,63.96399999999999
44,95,110,536,90,2697,3,3,64.325
6,57,31,163,72,678,3,4,18.424999999999997
4,85,191,815,4,1224,2,1,42.672
55,92,129,41,58,948,2,5,23.299
22,25,172,51,91,652,3,1,17.996999999999996
22,48,20,297,34,29,4,1,8.191999999999998
24,60,49,992,13,1413,1,2,46.672999999999995
14,64,108,559,71,1999,4,1,51.107
1,49,48,943,68,3117,3,4,77.226
12,67,185,953,23,2169,1,5,62.413
13,3,55,552,25,408,2,4,19.612
1,76,89,526,2,2376,3,4,56.06699999999999
49,95,165,110,71,287,4,1,13.448999999999998
42,31,50,996,72,2228,5,5,62.241
51,17,123,309,9,1297,2,3,32.26
55,94,153,692,4,465,3,3,26.44
19,6,75,959,18,2095,1,5,58.053
12,4,103,251,98,3081,4,3,64.124
36,40,14,861,16,3395,3,1,78.95400000000001
24,8,66,706,97,3534,1,2,80.21499999999999
33,59,178,848,13,1573,5,3,49.306999999999995
23,39,35,346,67,2556,5,2,55.361999999999995
43,50,87,458,96,2731,1,1,62.168
18,25,110,923,49,2580,4,3,67.563
13,81,144,846,70,2358,4,1,63.955999999999996
35,31,188,365,93,1479,5,4,39.535
23,22,140,185,37,3801,4,3,75.816
55,52,31,478,54,2321,1,4,53.683
1,53,16,472,89,3430,4,5,73.845
32,73,183,89,31,259,1,5,11.885
54,40,91,953,69,1392,3,3,47.099
9,39,63,118,65,1758,5,2,37.094
12,7,181,896,73,1011,4,1,40.041999999999994
49,98,123,84,19,1656,5,1,36.037
1,90,178,926,49,1030,3,5,42.147
37,9,160,185,54,672,4,3,19.950999999999997
36,19,142,190,22,1916,5,1,41.663000000000004
26,14,165,81,88,3687,3,4,72.999
1,91,47,131,66,1206,5,2,28.045999999999996
31,12,63,431,38,3858,2,2,79.884
35,94,176,594,13,3630,1,3,82.00299999999999
60,13,132,907,28,3015,2,3,74.986
17,92,78,128,44,1761,4,5,38.367999999999995
12,81,63,201,51,489,4,3,16.384999999999998
7,8,43,352,7,3376,4,5,68.893
4,60,41,709,49,2790,2,3,66.57100000000001
25,71,132,136,83,2912,4,2,60.354
24,33,10,711,4,958,2,5,31.994
3,96,77,16,37,2946,1,3,57.275
13,52,70,795,33,874,5,3,33.928
59,99,4,199,54,847,3,4,22.273999999999997
44,48,132,104,26,369,4,2,12.645999999999997
26,65,132,634,8,2849,4,5,67.467
4,66,132,681,19,2157,4,4,55.988
14,49,144,530,9,1921,2,1,48.42399999999999
14,95,144,364,70,2011,5,3,48.943
1,95,81,704,27,607,5,2,28.171999999999997
57,74,80,650,16,2158,1,3,54.599999999999994
1,98,119,657,93,1114,1,4,38.271
2,5,18,244,25,3364,3,1,66.166
19,60,63,114,75,2238,3,3,46.239
40,3,14,15,42,1959,3,2,36.875
4,71,194,421,11,1531,3,1,40.659
37,73,45,225,74,2837,5,2,59.074
54,47,200,211,60,2123,4,1,48.01
8,66,39,523,91,1291,3,2,36.824
58,38,114,392,41,257,5,3,15.975999999999999
2,68,172,628,8,1916,5,1,51.067
25,17,199,762,25,1588,1,4,47.696
1,66,87,402,27,3365,3,5,71.777
5,81,129,759,10,1439,2,4,44.559999999999995
23,52,143,427,96,1794,3,2,45.803999999999995
50,18,34,253,34,3388,1,2,67.591
5,38,137,16,21,1307,2,3,27.569
36,38,129,874,51,3027,4,4,75.39699999999999
5,48,71,27,39,1170,4,2,24.606999999999996
18,22,103,863,79,1411,5,2,45.681999999999995
35,36,10,317,16,2059,2,5,44.617
32,96,89,403,43,99,5,1,13.781
19,85,88,459,86,2249,3,4,54.134
31,89,108,207,7,565,5,1,18.045999999999996
4,84,144,135,99,2472,5,2,53.099999999999994
58,46,107,217,22,3927,2,5,78.438
59,21,38,677,1,3400,2,4,75.591
6,35,183,26,55,3956,2,2,76.741
32,84,131,612,97,2680,5,5,65.88799999999999
56,83,73,248,55,1189,2,1,30.131999999999998
37,78,195,302,29,3197,3,2,68.99
55,6,32,654,77,2921,3,4,67.46
48,71,42,70,67,3770,2,1,72.61400000000002
35,42,139,110,51,2932,2,1,59.202999999999996
50,95,7,630,55,511,5,3,24.383999999999997
21,56,123,584,19,2135,5,5,53.539
20,7,99,956,85,391,4,3,28.883999999999997
57,12,194,532,13,442,3,1,22.297
42,88,105,198,92,390,3,2,16.134
38,64,99,861,60,1232,4,3,42.87199999999999
50,74,128,548,92,3860,3,5,85.595
37,34,67,233,14,1074,5,3,26.220999999999997
12,35,44,771,29,1521,3,2,44.166
18,14,146,460,89,2003,1,4,49.486999999999995
2,81,139,84,56,842,1,3,21.860999999999997
59,12,84,934,17,2641,2,3,67.69500000000001
34,67,84,731,37,1972,2,1,52.940999999999995
55,61,120,647,96,2364,1,4,60.146
45,22,135,113,6,2428,1,2,49.05
43,36,45,372,7,445,5,4,17.133999999999997
36,28,63,848,34,1648,4,1,48.25899999999999
38,82,200,835,75,1684,4,2,52.855999999999995
16,13,5,752,12,1546,3,4,42.99
60,32,10,459,32,2019,2,1,46.65
45,12,29,383,34,364,1,4,15.526
5,76,85,274,3,3057,1,1,63.277
8,60,48,548,39,6,1,2,13.286999999999999
12,56,68,21,95,3105,2,4,60.443999999999996
14,66,175,803,31,1300,5,1,43.749
7,71,197,717,29,1722,3,3,50.199999999999996
10,47,95,941,79,837,2,4,37.145999999999994
50,65,135,968,68,1664,5,2,53.49
5,73,159,29,16,3197,1,4,62.80599999999999
20,94,74,176,75,3652,3,2,73.627
15,60,178,814,79,2949,2,1,74.32700000000001
8,7,150,331,4,2821,3,3,60.228
45,60,150,421,35,3314,4,4,72.485
27,99,84,366,76,2226,4,3,51.95799999999999
44,73,68,362,13,3485,2,1,72.60600000000001
35,27,17,107,41,423,3,1,11.373999999999999
55,62,157,809,58,1960,4,5,56.123
26,34,31,310,72,372,4,5,15.437
39,62,37,205,3,508,3,3,15.232
49,38,42,896,19,236,2,3,23.399
8,6,188,792,79,473,3,4,28.718999999999998
45,15,147,593,92,387,2,5,23.174999999999997
59,90,193,139,10,1129,5,4,28.753999999999998
58,81,170,737,58,350,4,5,26.36
23,51,30,942,31,2410,4,5,63.71099999999999
37,6,128,376,92,524,5,1,20.847999999999995
30,42,155,420,8,1047,4,1,30.756999999999998
48,16,148,261,33,1070,2,5,28.202999999999996
42,93,172,97,82,3401,2,1,69.45800000000001
48,43,136,360,87,2584,2,2,58.35899999999999
38,19,154,605,18,2567,4,2,61.449
9,9,159,629,26,2537,2,4,61.382
36,42,17,160,49,374,1,4,12.020999999999999
56,33,84,532,12,1287,4,5,36.13099999999999
35,50,15,535,57,1531,1,2,40.103
45,29,39,744,7,1941,1,3,50.742999999999995
13,67,93,435,58,3334,4,1,72.341
50,63,135,219,27,1377,3,3,33.363
57,29,122,166,26,2220,5,1,46.629999999999995
12,50,98,285,66,2052,2,2,46.335
38,15,93,299,30,987,2,5,26.342
20,79,182,573,71,2657,5,1,64.863
42,94,168,985,82,2266,3,2,65.927
10,36,42,777,51,1140,1,2,37.720000000000006
54,12,54,102,80,2296,1,1,46.057
35,52,132,395,59,3613,4,5,77.338
40,74,143,612,89,282,2,2,22.405
43,59,195,273,11,3118,3,3,66.44200000000001
41,21,195,561,48,1749,5,3,47.263
28,34,91,76,25,2265,1,5,45.274
51,13,174,489,46,2827,4,1,64.637
11,37,73,205,51,3175,4,3,64.194
40,39,175,577,67,2685,2,2,64.566
33,97,110,166,34,2365,3,2,50.315000000000005
1,81,3,551,63,3566,5,1,77.428
26,39,179,656,13,3799,5,1,85.25399999999999
31,58,122,319,57,727,5,2,23.688999999999997
14,82,190,826,85,519,3,3,31.661999999999995
47,51,139,586,35,4000,4,2,87.504
25,51,136,853,32,543,4,4,30.29
6,95,128,482,44,10,4,3,14.386999999999997
41,5,163,399,36,138,4,2,14.037999999999998
34,34,68,303,65,151,3,4,11.815999999999999
33,72,124,142,58,882,1,5,23.487999999999996
43,84,94,783,71,3871,5,1,89.28
48,60,156,910,63,3647,1,4,88.285
56,30,121,473,92,3277,2,4,72.69500000000001
3,67,77,142,42,940,3,2,23.121
2,43,44,420,100,136,2,3,13.916999999999998
3,77,36,867,2,3042,4,2,73.51999999999998
14,39,98,393,78,496,3,3,20.471999999999998
4,70,64,687,66,3573,1,4,81.15899999999999
36,85,169,902,28,3766,2,5,90.409
44,50,9,730,77,1081,5,2,36.071000000000005
15,64,88,749,67,3589,4,2,82.96699999999998
10,48,22,765,61,2092,2,2,54.68
24,46,80,601,26,1517,5,5,41.912
52,76,50,535,95,3129,1,4,70.77199999999999
38,84,157,167,1,3860,5,1,77.30699999999999
55,32,72,324,66,744,4,3,22.976
37,7,133,265,34,3138,4,2,64.942
52,16,123,335,49,1510,5,1,37.221000000000004
32,10,31,464,69,2039,2,3,47.742
14,17,40,722,84,135,4,4,18.967999999999996
13,51,124,35,40,413,4,2,12.181999999999999
40,54,59,29,95,2588,4,2,51.117999999999995
57,91,87,138,3,2240,5,5,46.773
20,45,19,16,78,572,2,3,13.354999999999997
43,44,44,86,77,3173,2,1,61.876999999999995
37,56,114,765,80,3615,5,1,84.321
27,60,46,125,50,3901,5,4,75.78199999999998
4,67,164,89,99,821,5,3,22.616999999999997
28,39,116,598,19,1053,4,4,33.836999999999996
28,81,21,535,94,1324,1,2,37.651
24,66,188,492,71,3341,2,1,75.44400000000002
14,47,90,95,81,2750,5,3,55.48499999999999
49,29,19,510,95,2240,4,3,52.904999999999994
9,56,185,87,36,2232,4,4,47.129999999999995
18,25,98,807,96,3644,4,3,85.09400000000001
42,5,39,303,72,3334,5,2,68.15099999999998
25,57,42,80,43,3518,4,1,67.59100000000001
47,63,180,717,68,2879,2,1,71.223
20,22,117,904,71,3477,2,3,83.74800000000002
24,52,190,441,94,1399,3,3,39.83
43,75,180,526,77,1890,2,1,50.148999999999994
10,62,97,156,18,1999,2,2,42.306
55,59,71,674,97,2426,5,4,60.978
29,52,19,57,82,1791,1,3,36.271
32,84,60,415,10,1642,5,3,40.594
55,36,54,182,83,3386,4,1,67.761
37,63,126,809,26,478,5,5,28.334999999999997
30,49,129,685,28,2673,5,1,65.084
33,49,142,806,61,1870,2,2,53.709999999999994
13,44,152,987,95,3092,2,5,79.91800000000002
7,61,196,416,55,1917,3,2,48.18
45,79,113,416,26,2964,5,3,65.584
39,21,176,116,3,386,1,1,12.947
16,56,101,207,66,3592,2,2,72.747
7,41,104,253,55,3520,3,1,71.866
51,11,40,237,5,1239,2,4,28.232999999999997
15,84,173,935,32,3539,1,1,86.763
22,89,120,777,46,934,2,5,36.512
42,66,22,718,32,228,4,1,20.159
29,98,92,19,72,1399,4,1,30.432999999999996
35,69,48,804,24,380,4,5,25.113999999999997
56,12,123,957,98,1390,5,2,47.707
59,33,54,448,74,55,1,2,12.639000000000001
48,74,132,561,6,1828,1,3,47.708
27,74,160,634,30,1482,4,2,43.739
6,91,181,601,83,2617,1,3,65.041
48,38,39,352,62,3434,5,2,71.324
18,15,51,15,86,2441,2,3,47.14399999999999
21,28,98,332,53,781,1,2,23.733999999999998
38,54,71,277,94,1464,3,1,35.71
58,38,137,497,75,1158,3,1,35.019
43,1,46,515,26,165,2,1,14.279
37,17,65,909,4,3107,5,5,75.257
13,53,85,123,89,2558,5,5,52.821999999999996
9,86,198,731,53,3135,5,2,76.59899999999999
31,37,39,23,39,346,5,4,9.139000000000001
29,18,132,930,73,3019,4,5,76.419
50,73,34,426,24,3678,5,1,76.967
32,36,5,862,8,1541,3,2,45.274
56,24,130,379,50,3162,3,1,68.04
2,1,82,539,25,1593,1,5,41.141000000000005
4,60,142,864,85,2240,5,2,62.069
25,81,58,925,37,264,2,3,25.75
22,54,196,410,95,3577,3,2,78.545
35,2,103,44,53,629,5,4,15.404
46,36,54,58,18,1561,5,4,31.613999999999997
28,84,43,621,36,2602,4,3,61.885999999999996
37,31,110,315,71,397,1,4,17.232999999999997
7,42,23,144,3,3152,5,5,61.119
59,74,92,524,63,1254,1,1,36.845
5,79,11,323,35,261,1,5,13.365999999999998
33,80,81,993,79,2552,5,2,69.383
53,81,6,252,85,3214,5,4,66.16
8,54,125,350,32,2472,1,5,55.236999999999995
35,63,63,630,28,17,3,2,15.312999999999997
2,78,91,927,74,786,1,4,36.313
37,37,14,303,29,3755,1,5,75.16999999999999
15,22,53,983,30,2716,2,5,69.79700000000001
43,33,19,185,46,122,4,3,7.827
60,30,3,48,49,1423,1,5,28.433999999999994
54,31,161,655,54,3588,5,2,81.80499999999998
17,79,196,297,76,3003,2,4,66.262
31,16,168,302,95,2950,5,5,64.26299999999999
2,64,47,678,65,1723,5,5,47.41
45,21,21,723,23,460,4,1,23.458
34,46,100,272,15,218,4,2,12.290999999999999
55,69,23,210,86,1809,5,5,40.239999999999995
50,10,108,320,90,2212,2,2,49.861999999999995
57,99,35,842,70,1277,4,2,42.971
12,22,172,51,37,1802,2,1,37.669
21,34,166,944,77,3653,4,4,88.98599999999999
59,11,28,387,34,3287,3,2,68.164
23,93,28,580,44,2015,5,3,50.58
30,27,45,773,59,293,2,1,22.457
43,86,98,591,60,2481,4,1,60.50699999999999
5,50,139,673,18,1352,5,2,41.086000000000006
49,56,150,865,40,2023,5,5,57.788999999999994
1,93,94,836,23,2719,3,3,68.829
2,65,88,659,95,2082,4,4,54.696
58,24,6,836,40,2594,3,1,64.103
29,56,12,807,35,136,3,4,19.984999999999996
30,84,123,680,88,308,2,4,24.048
4,14,88,231,5,1151,5,1,27.224999999999998
53,80,68,205,22,3109,1,3,63.245
60,99,181,600,46,3658,2,1,83.35300000000001
31,47,179,672,53,1224,1,1,39.943
28,30,45,536,56,1658,2,5,42.74099999999999
20,64,163,350,53,3660,1,4,77.823
51,87,181,3,41,3060,3,2,60.999
34,86,173,428,21,323,2,1,19.173999999999996
24,64,89,331,56,3405,1,2,71.49299999999998
51,26,91,452,23,2910,3,3,63.861
32,43,159,386,36,293,5,2,17.191999999999997
34,87,52,776,43,96,5,1,19.992
4,84,150,106,9,3055,1,1,61.461999999999996
26,72,13,966,72,3386,2,4,82.40599999999999
53,14,53,334,65,647,1,3,20.653
26,56,90,545,53,1281,5,5,37.425
30,51,183,487,94,2495,2,5,60.38999999999999
43,62,159,782,90,1806,3,4,53.300999999999995
22,7,78,835,55,465,5,3,27.060999999999996
2,90,152,66,14,29,2,4,6.648
59,97,194,60,6,1710,5,2,37.677
55,1,142,822,38,811,1,4,33.847
31,39,65,294,21,3314,1,3,67.75099999999999
51,3,24,272,91,2900,5,4,59.903999999999996
18,78,95,85,10,2522,2,5,50.675999999999995
39,3,73,944,57,2379,1,2,63.348
36,61,161,686,87,3975,2,5,90.49400000000001
48,38,122,736,72,439,1,4,26.38
16,93,101,363,50,1217,5,5,33.598
48,31,126,265,24,3349,2,3,68.912
29,95,96,242,92,3269,2,1,68.63600000000001
30,90,18,513,56,3123,4,3,69.21600000000001
36,16,124,675,20,2424,5,4,59.775
54,95,33,6,3,1516,5,1,30.103999999999996
23,24,130,249,52,2110,5,4,46.785999999999994
47,44,127,478,18,502,1,3,21.834
31,7,71,253,14,1209,5,3,28.598999999999993
8,90,157,814,8,3665,1,4,86.288
21,35,32,918,49,3873,5,5,89.663
43,41,193,354,2,829,5,2,26.262999999999998
29,56,112,229,76,1374,1,3,33.677
36,74,189,329,31,2472,1,1,56.196999999999996
40,74,72,995,37,873,5,5,38.401
48,80,98,808,96,1343,1,1,44.587
7,69,18,345,83,2451,3,1,53.803999999999995
22,52,44,582,37,947,3,5,30.88
29,51,69,385,77,361,1,5,17.669999999999998
31,32,149,494,81,1641,3,2,43.839999999999996
24,72,65,550,10,1054,1,4,32.376
37,34,89,862,91,2338,3,1,62.467
17,10,153,115,46,1303,2,1,29.512999999999998
6,40,90,892,68,2698,2,5,69.35300000000001
15,39,162,534,81,860,3,2,30.853999999999996
10,9,85,480,18,2940,4,2,64.282
36,87,28,156,21,3620,4,2,70.87299999999999
11,76,50,236,1,731,2,4,20.232
29,90,131,486,29,1976,3,4,49.658
13,35,110,667,97,2261,5,1,57.854
48,63,145,988,44,2096,3,5,61.489
56,90,108,194,58,2275,1,2,49.49
14,26,176,556,83,3427,2,3,77.55600000000001
39,65,114,40,20,2898,2,4,56.87499999999999
32,95,73,705,36,341,5,2,23.505
34,64,47,70,78,2,2,4,5.063999999999999
21,7,154,207,55,3852,1,3,77.356
18,35,136,690,13,3016,5,2,70.991
56,47,171,552,76,2324,5,2,57.943999999999996
11,94,180,161,62,2762,5,1,58.979
14,43,56,757,95,258,5,5,22.871
53,92,24,270,38,1656,1,2,37.967
31,53,91,989,96,1451,4,4,49.55
55,57,57,64,32,1954,3,5,39.501999999999995
36,60,129,940,93,469,5,1,31.577999999999996
14,64,33,209,18,2785,1,5,56.495999999999995
40,25,194,431,9,2480,5,2,57.284
18,22,66,458,16,104,3,4,12.782
32,20,35,602,59,555,4,2,23.730999999999995
49,51,82,342,38,4000,3,2,81.873
45,23,39,498,85,1717,5,3,43.359
27,80,182,968,62,178,5,2,27.686999999999998
42,90,171,504,64,2434,5,5,59.705
44,31,83,997,96,2514,2,1,68.11800000000001
60,54,140,336,31,1499,2,2,37.727
4,13,26,908,67,1077,3,2,38.679
44,45,7,53,86,1923,4,1,38.309999999999995
50,57,127,746,49,3560,5,5,82.954
5,89,160,866,75,1187,2,4,43.864
54,90,37,290,57,2241,1,1,49.346
7,56,168,984,97,1043,1,4,43.418
47,77,74,808,73,949,2,2,36.69599999999999
49,12,102,272,72,2682,4,2,57.080999999999996
15,70,196,122,46,3820,3,5,77.04599999999999
15,53,80,597,56,1368,1,5,39.659
43,95,20,670,59,154,1,5,19.005
11,85,189,905,80,337,3,1,29.718999999999998
32,91,158,178,82,3832,1,5,78.631
19,7,54,440,72,1885,4,5,45.047999999999995
52,22,143,988,83,1439,3,1,49.344
34,94,27,598,82,3639,4,5,80.917
47,9,45,65,54,2868,3,5,55.242999999999995
5,48,81,680,29,1632,3,2,45.314
60,86,42,683,49,1679,4,2,46.73
6,98,146,724,64,3371,2,2,80.09400000000001
42,50,152,152,46,1549,3,5,35.667
46,53,53,838,84,2398,2,4,62.831999999999994
29,29,33,811,29,590,3,2,27.912999999999993
5,57,42,657,12,1230,3,3,36.867
52,97,163,722,20,552,2,2,28.991999999999997
50,17,18,892,42,439,2,2,26.506
53,8,16,25,47,2516,3,2,47.341
54,63,132,890,89,2858,5,5,73.944
60,43,62,272,9,2308,4,3,49.20399999999999
22,1,93,754,23,411,3,5,24.226
15,18,156,723,68,1531,2,2,45.79
36,61,139,776,85,2285,4,3,61.29599999999999
46,35,185,759,93,153,3,3,23.096999999999998
41,79,151,453,70,3484,1,3,76.963
46,94,192,631,35,723,5,2,31.123999999999995
37,38,77,52,73,2631,3,3,52.011
12,91,199,412,61,2698,2,1,62.791999999999994
43,71,105,541,79,394,1,5,22.311999999999998
46,46,192,764,68,2738,1,5,69.679
18,24,114,499,65,423,1,4,20.983999999999998
17,55,110,519,43,1875,2,2,47.525
2,29,101,553,27,930,2,5,30.378999999999998
24,62,25,76,44,1653,4,2,33.797999999999995
36,28,36,912,18,768,1,2,32.854000000000006
54,83,158,742,43,676,3,2,31.685
36,16,49,357,51,1506,5,5,36.441
46,44,97,124,18,3306,5,1,65.03099999999999
28,87,127,866,91,248,2,2,26.563
58,73,152,329,18,1388,5,3,36.06
22,26,86,532,37,2154,3,3,51.834
3,40,69,750,1,3530,2,2,79.94
54,2,61,280,13,1076,2,1,26.311999999999998
2,44,123,943,33,3031,2,2,76.21
57,47,151,111,47,938,1,5,23.828
9,95,175,493,96,3336,1,2,76.07
2,53,113,467,11,619,4,5,23.574999999999996
31,94,137,729,49,2518,4,5,64.63799999999999
36,40,97,202,46,1478,3,3,34.041000000000004
55,33,117,89,57,1753,5,3,37.374
45,41,65,91,47,3671,2,3,70.866
4,88,44,263,75,281,2,2,13.879999999999999
18,36,1,365,72,3115,1,5,65.25
48,87,170,809,84,3781,5,1,89.812
2,65,114,438,71,3768,4,4,80.905
35,6,25,833,81,2507,2,1,63.099999999999994
55,86,10,844,2,1966,5,3,53.646
16,94,122,556,69,365,4,5,22.621999999999996
26,73,187,414,92,2773,1,4,64.34799999999998
13,44,199,738,94,3531,4,3,83.86
43,70,168,999,28,2952,4,1,77.165
57,56,122,36,6,3894,2,5,74.58000000000001
14,70,70,465,23,501,2,3,21.022999999999996
39,34,66,890,21,2527,5,2,64.90999999999998
18,17,177,142,26,3955,1,1,77.95700000000001
40,59,188,689,55,3754,2,3,86.381
56,26,107,238,7,2195,4,3,46.98199999999999
19,95,1,705,53,2284,4,4,57.516999999999996
56,49,69,341,41,323,1,2,15.418
57,15,196,115,59,1050,4,3,26.325999999999997
14,66,80,235,34,1540,2,1,35.54
20,38,91,28,18,2757,3,5,53.199
36,51,16,526,45,196,2,2,15.762999999999998
28,10,103,825,21,1806,4,5,51.03699999999999
23,37,182,138,56,1896,1,3,41.904
18,89,148,770,53,3447,2,3,82.114
22,52,53,849,65,3712,3,5,86.36099999999999
51,31,197,604,66,1224,4,1,39.046
26,10,79,197,43,2134,2,1,44.673
44,90,166,112,48,2015,2,1,44.06099999999999
36,93,93,271,23,3936,2,4,80.116
25,45,68,935,56,63,4,5,22.339000000000002
19,18,179,939,76,2032,2,5,59.639
36,60,183,190,62,1007,5,2,27.511999999999997
30,65,54,413,11,495,5,4,19.526
5,14,5,951,55,985,3,5,37.443999999999996
58,57,31,96,28,2919,1,4,56.846
10,90,26,821,95,2264,1,1,60.165
37,58,150,415,83,3244,2,5,71.87
3,99,167,964,68,2873,4,4,76.307
28,68,189,292,71,1310,1,2,35.181000000000004
11,23,184,758,98,1416,1,5,45.616
30,9,173,310,29,350,5,1,16.233999999999998
22,55,106,903,1,1831,2,2,53.257999999999996
57,38,157,21,23,114,4,1,6.6819999999999995
49,3,102,225,50,853,1,1,22.596999999999998
6,58,114,593,34,2674,3,5,63.443999999999996
5,29,152,627,81,1757,2,2,48.35099999999999
27,32,70,829,55,2306,2,3,60.32799999999999
31,41,178,995,30,3927,4,3,94.405
11,73,133,701,99,3145,5,1,75.538
2,5,89,562,24,1431,1,5,38.843
13,32,120,542,18,610,1,5,24.66
51,86,12,714,82,1645,5,1,46.672
37,55,142,209,83,1463,2,3,35.589999999999996
30,70,15,743,4,3120,1,5,72.26599999999999
6,60,45,840,20,415,5,5,26.082999999999995
5,26,34,216,35,1939,1,5,40.99699999999999
58,11,174,722,16,3934,1,5,88.607
39,3,3,144,24,821,3,3,18.389999999999997
41,20,98,64,48,1914,2,4,39.00299999999999
31,61,140,992,59,1961,4,5,59.23899999999999
41,79,111,94,26,571,1,2,16.185
23,34,117,168,33,3930,4,5,77.659
27,70,123,385,29,3468,2,3,74.004
52,5,11,539,91,1503,2,5,39.613
6,97,146,737,5,1175,1,1,39.711
10,89,167,772,78,1713,2,5,51.79299999999999
41,25,161,516,43,2164,4,4,53.282
23,59,160,44,45,3134,3,2,62.212
24,53,93,880,99,1709,1,3,52.056
28,7,15,972,45,1219,3,2,41.843
52,91,145,615,64,2189,4,2,56.79299999999999
36,55,187,700,5,2761,5,2,67.78699999999999
38,64,57,966,42,996,1,3,39.479
30,69,77,616,44,2240,1,4,55.736
42,61,77,15,84,778,4,1,18.485999999999997
17,31,78,935,59,1686,4,2,51.342999999999996
51,78,95,149,91,1978,4,1,43.407999999999994
19,73,57,66,87,2352,1,3,47.657000000000004
23,20,6,796,12,3001,3,4,70.181
55,63,55,847,72,3461,3,4,82.202
56,1,172,321,15,3717,3,5,76.895
15,27,70,933,26,2179,3,3,59.425
39,70,4,209,22,2432,3,2,49.757999999999996
49,28,31,545,44,3430,3,3,74.295
25,3,98,213,53,173,5,2,10.194999999999999
59,93,10,629,80,17,5,5,16.053
43,100,59,911,74,393,5,3,28.926999999999996
9,48,149,846,58,2923,5,2,73.487
35,61,126,32,63,2337,4,4,47.53999999999999
19,73,27,111,30,595,2,1,15.293
10,21,197,547,73,2004,5,3,51.955
42,15,168,87,69,3745,2,1,73.763
35,70,190,140,20,956,3,4,25.290999999999997
21,27,175,908,37,344,5,4,28.122
7,98,139,188,56,3942,3,3,80.01
46,98,104,173,29,3906,5,3,78.157
30,80,55,28,3,968,3,2,20.715
54,84,84,997,88,652,2,1,35.467999999999996
59,64,112,794,52,775,3,3,33.508
32,14,108,916,27,929,3,4,37.175
15,45,95,383,80,3300,2,2,70.76400000000001
60,67,160,255,71,1815,2,2,43.15
17,95,157,267,94,1716,1,2,42.282000000000004
1,78,73,727,70,1126,4,1,38.150999999999996
26,19,54,67,48,147,1,3,6.318
9,35,50,24,15,1635,3,4,31.995999999999995
31,62,179,151,22,1087,3,1,27.372999999999998
9,40,181,293,80,3813,5,3,79.861
24,76,140,869,2,2629,3,4,68.125
7,62,19,655,84,3595,3,3,80.305
36,20,62,497,68,1834,1,1,45.276
29,7,193,589,7,2617,2,3,62.31999999999999
43,8,159,985,55,1376,1,3,47.744
46,15,42,707,51,2689,4,3,64.13499999999999
7,60,150,740,82,188,2,5,22.966
56,31,179,184,74,3268,5,5,67.931
4,61,88,227,27,1000,2,2,25.628
30,36,27,665,52,737,5,3,28.304
3,15,132,933,63,674,5,2,33.825
31,9,194,680,17,3040,3,3,71.91900000000001
16,39,199,527,74,3895,5,5,86.118
14,7,65,551,33,2810,2,4,63.21999999999999
24,32,52,713,51,2199,4,1,55.73899999999999
15,99,12,956,82,3758,3,3,89.488
50,7,137,322,22,2465,3,4,53.902
24,33,6,271,16,3991,5,4,78.38299999999998
23,81,2,115,6,2393,1,4,47.17
56,20,114,348,62,1124,3,2,30.666
45,88,82,286,9,688,3,5,21.518999999999995
39,66,66,517,96,2671,1,1,62.107
8,80,105,821,88,1253,3,2,43.191
4,25,126,692,28,1675,1,2,46.64
22,96,94,781,64,198,4,1,23.136
13,32,59,870,26,3101,2,1,74.57400000000001
17,39,146,933,75,2473,1,5,67.198
35,89,197,648,82,3541,5,3,82.99199999999999
24,81,92,835,95,407,1,5,28.293000000000003
8,18,170,429,41,2953,2,4,65.682
38,22,157,146,7,3499,3,5,69.564
4,89,126,326,70,429,1,2,19.124
42,5,67,554,84,544,2,5,23.494999999999997
53,37,108,237,58,255,5,3,13.143
25,27,166,611,98,2857,3,1,68.38300000000001
4,14,168,225,44,759,2,1,22.08
1,44,127,314,24,2184,1,1,48.848
54,59,195,854,32,2949,1,4,74.832
1,98,19,376,14,3589,1,5,74.39399999999999
10,97,186,879,46,2158,2,5,61.77799999999999
54,54,36,475,97,3939,3,5,83.71100000000001
17,45,141,561,31,3577,1,5,79.27199999999999
48,26,54,946,82,2088,3,1,58.669
36,96,10,267,89,2486,2,4,53.62199999999999
11,61,27,212,15,3542,5,3,69.951
31,7,143,97,44,3853,4,3,75.007
43,86,71,234,96,1632,1,2,38.545
7,49,165,687,10,692,1,3,29.743
59,43,14,395,70,1283,5,5,33.397
54,48,17,631,10,1249,2,4,36.245
44,64,125,664,90,2686,3,2,66.216
38,67,28,457,24,1354,5,5,35.692
19,9,15,74,30,910,5,4,19.134999999999998
32,52,156,596,21,1225,2,3,37.788
9,11,113,470,39,262,1,4,16.813999999999997
39,92,90,52,96,1594,2,1,34.812
53,61,151,425,92,2042,3,4,50.668
37,48,180,965,15,257,5,3,27.725999999999996
38,93,164,423,39,3856,2,2,83.01
55,93,177,620,14,2548,5,1,63.092
20,73,100,105,83,1061,3,5,26.030999999999995
16,99,127,18,80,3769,3,3,73.903
55,27,8,1000,57,983,1,5,38.759
32,39,189,829,69,3719,3,2,88.254
31,61,105,703,63,884,4,5,33.8
4,89,25,504,92,459,1,4,21.712
27,83,160,295,18,896,4,1,26.653
51,97,27,25,63,1597,2,4,32.949
58,63,51,252,69,3967,3,1,79.726
30,38,196,182,57,2196,4,2,48.471
23,78,145,598,78,1972,2,4,52.538999999999994
26,48,80,295,79,3258,5,1,68.159
59,33,151,228,85,2825,4,2,60.32999999999999
27,80,48,713,39,3050,1,5,71.796
14,42,153,173,51,55,4,1,8.854999999999999
39,45,20,236,81,1301,5,2,30.805999999999997
56,23,9,725,76,90,5,1,17.616
41,37,41,944,81,2655,1,5,68.931
25,53,77,407,15,3683,1,1,76.778
42,34,109,199,89,3859,1,4,77.70199999999998
47,57,17,554,26,1238,1,3,34.916000000000004
42,58,153,894,32,3244,1,5,80.147
5,53,196,702,45,254,1,3,23.363
33,67,16,405,66,1971,2,5,46.21499999999999
33,48,98,18,32,3755,2,1,71.31
49,80,94,307,89,534,2,1,20.344
3,97,116,481,50,3159,5,5,71.09899999999999
1,79,65,850,96,1874,3,4,54.407
33,94,92,978,63,1041,2,2,42.0
24,56,16,211,42,1264,2,1,28.95
47,15,20,748,35,2907,3,3,68.147
57,14,16,81,64,420,5,1,11.083
27,92,116,102,40,2575,2,5,53.11999999999999
17,7,44,776,8,2362,5,1,58.55
56,53,111,473,37,3826,5,3,81.899
2,54,32,833,24,1025,1,4,36.48500000000001
59,97,97,698,57,3782,4,4,86.3
18,13,150,342,99,1637,5,5,41.04
57,1,175,998,67,25,4,2,24.103999999999996
26,15,27,921,76,109,4,1,21.746
59,70,127,147,26,3284,5,4,66.41999999999999
58,86,103,789,89,207,4,2,24.02
7,28,92,527,64,3879,5,2,83.34399999999998
2,44,74,469,32,2689,2,3,60.20399999999999
35,78,153,5,86,265,5,2,10.83
39,20,153,343,94,3458,1,2,73.72599999999998
57,42,170,875,99,3393,3,1,83.50200000000001
16,56,114,559,20,319,5,4,20.160999999999998
48,86,115,141,6,1041,3,1,25.413999999999998
60,59,163,353,40,810,2,4,26.414999999999996
56,97,109,688,78,877,5,1,34.245000000000005
52,39,44,240,98,297,2,2,13.383999999999997
8,90,90,266,99,3489,3,2,72.991
29,67,180,865,90,1632,2,5,52.20099999999999
5,50,25,612,65,1385,3,1,39.161
31,70,146,961,82,1188,4,5,45.397
46,45,90,212,59,3235,1,4,66.07499999999999
20,5,100,565,33,3114,5,4,69.64799999999998
25,69,45,139,46,3038,4,3,60.50299999999999
6,12,6,780,66,1740,3,3,47.847
49,27,83,192,18,3439,3,5,68.336
7,90,124,461,71,1739,1,1,45.222
52,72,24,681,71,3428,3,5,78.087
3,34,66,60,22,85,2,1,4.959999999999999
32,82,106,857,14,754,4,3,33.842
17,19,106,229,27,3398,4,5,68.654
54,80,185,426,5,1704,3,1,43.916000000000004
15,90,8,903,53,3137,4,5,76.712
58,96,128,670,77,547,4,2,28.305
3,77,32,238,19,2816,4,2,57.717999999999996
11,75,5,376,7,1993,5,4,44.96
2,75,54,456,39,3998,1,5,83.92
35,20,67,493,46,1005,2,5,30.236999999999995
13,79,90,928,43,1237,3,3,43.952999999999996
39,30,7,89,23,3838,3,3,72.192
11,28,4,273,37,3826,5,4,75.64299999999999
54,92,28,604,13,876,5,5,30.191999999999997
10,32,15,208,11,1283,5,4,28.458999999999996
56,23,145,228,99,1467,2,4,35.885
50,29,182,837,28,49,2,3,21.426
44,94,64,193,3,1460,3,2,33.162
11,1,163,994,22,1060,5,1,41.51
7,79,83,886,59,117,3,3,23.123
23,52,187,364,79,2769,4,3,62.74099999999999
42,55,185,471,28,2088,4,4,51.778999999999996
28,15,57,530,49,3089,2,2,68.047
41,87,108,315,93,3023,4,5,65.992
2,43,110,401,91,617,2,4,23.304
36,54,74,869,67,2163,3,1,59.129
15,65,145,42,48,1549,1,5,33.622
3,9,15,711,10,1809,2,1,46.789
9,58,96,991,44,1134,2,2,42.949999999999996
58,35,117,865,85,3409,5,5,82.55699999999999
53,73,52,892,85,610,2,5,32.108999999999995
36,60,14,469,10,75,1,4,12.116999999999999
12,61,32,518,36,3910,5,2,82.78399999999999
52,43,107,576,4,3353,4,4,74.54599999999999
41,29,145,154,15,533,3,5,16.382999999999996
36,93,120,240,54,714,3,2,22.459999999999997
34,88,124,246,50,1776,2,1,41.516999999999996
16,36,119,647,74,3199,3,5,74.324
22,76,174,506,32,1842,2,2,48.041999999999994
58,83,67,839,1,1563,3,3,47.208999999999996
27,68,153,756,21,2481,4,5,63.816999999999986
10,65,90,502,19,3126,3,5,69.302
36,22,57,600,11,3474,4,2,75.863
20,59,172,247,57,3087,5,2,65.68599999999999
4,31,119,253,75,2888,5,5,61.18299999999999
46,92,5,270,75,593,3,4,19.261
18,97,35,854,100,2720,1,3,69.50699999999999
24,14,196,943,90,1306,3,5,47.160000000000004
19,49,47,175,46,2279,2,5,47.241
19,70,15,635,92,2262,4,4,56.25599999999999
15,86,168,353,86,128,1,1,15.170999999999998
22,46,76,252,33,2367,5,4,50.56699999999999
55,85,63,524,37,562,3,1,23.663
37,89,175,145,75,3656,2,5,75.028
53,54,93,481,82,1158,5,4,34.532
1,20,46,133,89,1516,4,2,32.733
10,38,73,237,25,3571,2,2,71.396
8,11,104,576,11,3419,2,2,74.929
55,83,144,311,76,2716,2,2,60.501999999999995
26,91,115,960,46,2594,3,3,69.743
51,16,107,9,26,1917,3,1,37.619
48,90,122,120,4,2954,1,4,59.726
